id,name,population
JOS,Josephton,4701091
DUS,Dustinburgh,4320391
EAS,East Josephbury,9998082
LAK,Lake Debraton,2511877
JOH,Johnside,6635071
NIC,Nicholastown,3658043
SHE,Sheilafurt,2541319
WES,West Jeremymouth,7613570
SOU,South Megan,9932831
WHI,Whitestad,7509730
EAS1,East Aaronburgh,7921495
NOR,North Charlesmouth,717404
NEW,New Jonathanfort,2413839
POR,Port Jamesburgh,5938564
NEW1,New Mike,962194
ASH,Ashleyville,299813
MEG,Meganbury,1956883
ESP,Espinozastad,2558681
ALL,Allenborough,1303626
POR1,Port Kimberly,6179362
WES1,West Drewberg,5549407
YOL,Yolandaland,1749150
BRA,Bradleyborough,2434826
POR2,Port Denise,416360
NOR1,North Ryan,4742830
SOU1,South Michelleville,36492
POR3,Port Rebeccafort,3583745
POR4,Port Brittany,9900020
SAN,Sandrashire,6362041
POR5,Port Johnchester,9271506
NEW2,New Barbara,533405
CAR,Carlsonhaven,1906848
JOS1,Josephborough,2785910
SOU2,South Meaganton,6213160
HAY,Hayesshire,734952
POR6,Port Thomasfort,77473
LAK1,Lake Thomas,2622862
JAM,Jamesview,3508301
NOR2,North Stevenbury,4923844
WES2,West Patricia,8876191
NOR3,North Sabrina,1174507
NOR4,North Jeffery,4001929
NOR5,North Pattymouth,631093
EAS2,East Debratown,3477435
WES3,West Jesse,9169905
JOS2,Josephchester,6915013
NEW3,New Emilyside,9229121
EAS3,East Jacqueline,7438460
ALY,Alyssachester,7095486
MCC,Mccoyton,5931228
EAS4,East Jasonville,1983866
SOU3,South Josephshire,159229
NOR6,North Dana,9671744
NEW4,New Emilymouth,1986634
EAS5,East Pamelahaven,4959203
NIC1,Nicholschester,4456470
SAB,Sabrinamouth,4245365
POR7,Port Jacquelineview,8073521
NOR7,North Jenna,6449182
KAT,Kathystad,4404886
POR8,Port Brandiside,7643311
WES4,West Tricia,198771
GUT,Gutierrezborough,1126806
NEW5,New Maurice,4923595
KAT1,Katherineburgh,7521256
SAR,Sarahville,2207498
SOU4,South Codyshire,7800837
WAR,Wardhaven,9310813
LAK2,Lake Markstad,1405700
LAK3,Lake Natasha,8194885
BLA,Blackburnhaven,4409582
BEL,Bellport,744431
LAK4,Lake Elizabethland,5191446
WES5,West Theresa,9009024
WES6,West Amy,7591932
NEW6,New Dianeton,2454532
WES7,West Kayla,2510119
ZAC,Zacharyland,585836
ROB,Robertborough,2437503
EAS6,East Samantha,2764788
MCG,Mcguiretown,7394316
EAS7,East Nicholas,5509317
HUG,Hughesborough,9222709
MOO,Mooreland,1855808
CHR,Christineborough,7782431
JAC,Jacksonport,7323929
HAL,Haleton,4496220
JOS3,Josephside,1350281
COO,Cooktown,8174859
LAK5,Lake Alan,850920
KAY,Kaylaton,9909686
ASH1,Ashleymouth,274298
NEA,Nealbury,4130867
SHE1,Shellytown,7813501
SOU5,South Jennifer,8728561
JOH1,Johnfurt,9280836
GER,Geraldmouth,3847205
HOF,Hoffmanborough,700211
NEW7,New Theresaton,8792889
SOU6,South Jennifer,7181357
CLE,Clementsside,6774426
MAR,Marshalltown,3565694
EAS8,East Terri,6517725
POR9,Port Amy,1510010
NOR8,North Cody,7690608
LAK6,Lake Jason,3230394
LAK7,Lake Erica,5339928
POR10,Port Michellestad,3406441
EAS9,East Joshua,930765
HUN,Hunthaven,5895832
EAS10,East Nancytown,9960320
LAK8,Lake Susanberg,4642392
YOD,Yoderborough,2658749
WES8,West Barbaramouth,1864252
WES9,West Juantown,6488488
KIM,Kimberlymouth,4566513
WES10,West Sharonshire,5220210
WES11,West Catherinefort,6592623
EAS11,East Danielberg,7415010
NEW8,New Davidfort,199523
POR11,Port Elizabethville,359035
LAK9,Lake Cindy,5810582
LAK10,Lake Lisatown,9423589
WIL,Williamsfurt,9154509
JOS4,Josestad,4412826
NEW9,New Logan,3451729
WES12,West Joshuachester,1182475
MIL,Millermouth,271557
NOR9,North Zacharyshire,1294338
SOU7,South Amanda,277349
CHR1,Christopherland,9735654
EAS12,East Anthonymouth,1222778
NOR10,North Michael,359400
MCC1,Mcclureborough,8910867
ADA,Adamchester,9619221
LOR,Loribury,5149715
MAR1,Markfort,3558771
TYL,Tylerbury,9252352
NOR11,North Lisahaven,2408560
MIC,Michelleville,69265
VAN,Vanessaland,5555215
EAS13,East Micheal,2520160
EDW,Edwardville,175680
EAS14,East Shawnville,9378857
WES13,West Anthony,7493777
JOA,Joannemouth,7958014
MEL,Melissastad,7138339
RIC,Richardborough,9154273
NOR12,North Kimberlymouth,8646225
LAK11,Lake Tonya,7534553
NEW10,New Brittanystad,7734803
MAU,Maureenchester,9142147
WEI,Weissland,739494
POR12,Port Rogerberg,5724423
HAN,Hansenshire,8617639
SIM,Simmonshaven,297529
TRA,Travisburgh,7442609
EAS15,East Robertville,6473634
LAK12,Lake Bailey,1222436
EAS16,East Tylerview,4326635
KAT2,Kathryntown,5852067
WES14,West Amy,9815556
NOR13,North Leslie,6231084
EAS17,East Charles,4003834
HAL1,Hallberg,6647394
EAS18,East Kimberlybury,3972752
NOR14,North Evanmouth,6351495
AGU,Aguilarhaven,2539280
JER,Jeremyland,9823973
WES15,West Jonathan,9479528
NOR15,North William,967598
WOO,Woodberg,2626831
EAS19,East Misty,8800622
BRO,Brownfort,1897802
SOU8,South Gregoryfurt,6376734
NEW11,New Lisa,6922792
DAV,Davisfort,9301200
LAU,Lauriefurt,1336725
WES16,West Sarah,8570266
ROB1,Robertsfort,3612786
MIL1,Millershire,548853
POR13,Port Michaelaville,8655809
HAL2,Hallhaven,8094272
EMI,Emilyhaven,7233944
NEW12,New Amy,6090961
PRI,Pricebury,5149042
POR14,Port Stephaniechester,3713893
POR15,Port Shirleybury,720432
LOR1,Loriborough,1018503
SOU9,South Ashleyville,9534419
EAS20,East Ryanborough,6257496
NEW13,New Dustinfurt,5953839
JAS,Jasonland,5606677
NOR16,North Todd,1243925
HUN1,Huntershire,8064519
ROD,Rodneyshire,2387868
POR16,Port Kevinview,6086660
WES17,West Susan,5581601
JOH2,Johnsonland,9265761
HER,Hernandezville,2101526
POR17,Port Jasonberg,2157779
SAM,Samuelside,9504707
NOR17,North Victor,9591485
GUT1,Gutierrezberg,6275463
APR,Aprilfort,3817943
POR18,Port John,7753154
LAK13,Lake Amber,3309119
WES18,West Ianshire,5470273
LAK14,Lake Kelly,552543
CAR1,Carriemouth,4105932
NOR18,North Laurieshire,8491758
JOH3,Johnsonfort,4864137
NOR19,North Annmouth,5790741
NOR20,North Rodneymouth,8543639
FIE,Fieldsfort,8922418
POR19,Port Michaelmouth,4363518
NEW14,New Michael,5734281
PAT,Patrickhaven,9161017
DAV1,Davidshire,8073644
WIL1,Williamsside,388052
AMA,Amandastad,5304462
EDW1,Edwardsside,2197166
SMI,Smithton,89154
POR20,Port Mikebury,2950202
JES,Jesusbury,7428118
WES19,West Stephanie,4866838
GAR,Garciaview,3258411
SOU10,South Jennifer,2536337
LAK15,Lake Michellefurt,640442
BAU,Bauerville,472985
MON,Monroefurt,5794127
RUS,Russellberg,8966544
HEI,Heidiberg,1511874
NIC2,Nicholasshire,7756853
EAS21,East Kathleenmouth,7406050
CHE,Cherylside,5528380
NEW15,New Brandyland,7151216
LAK16,Lake Beth,4010322
MEL1,Melissaton,2209975
JES1,Jessicatown,7621758
BEN,Bennetthaven,7114987
CHA,Charlesview,143055
POR21,Port Garymouth,1128160
LAK17,Lake Adam,5831645
LAK18,Lake Jimmy,9747719
SMI1,Smithhaven,4260517
BEL1,Bellmouth,7385997
POR22,Port Antonioport,2147077
LAK19,Lake Timothychester,9247257
ALE,Alexanderstad,3436994
NEW16,New Jennifer,1972324
PET,Peterside,5774669
DAN,Danielburgh,347469
HAY1,Hayesburgh,3102353
WIL2,Williamsberg,7532581
NEW17,New Tara,8410199
LEA,Leachborough,9271957
NOR21,Norrisstad,1682262
MIL2,Millerburgh,3969098
NOR22,North Mary,4796837
NOR23,North Tamiview,4987350
ALL1,Allenbury,9511759
LAK20,Lake Whitney,5261044
POR23,Port Clifford,1461937
EAS22,East Vanessaburgh,829964
LAK21,Lake Tyler,8401093
NOR24,North Dawnview,3084259
SOU11,South Robert,7951236
JEN,Jenniferborough,1728187
POR24,Port Marcus,585128
CHA1,Chadmouth,9053003
LAK22,Lake Anthonyside,3890875
NOR25,North Deborahport,7124615
SCO,Scottton,4423424
NOR26,North Jennifer,9833559
EAS23,East Ryanstad,9882650
BRY,Bryantmouth,113340
COC,Cochranton,906542
LAK23,Lake Julieport,4630537
KIM1,Kimberlymouth,6129466
LAK24,Lake Jasonstad,1518607
MEL2,Melindahaven,5688942
BEC,Beckerfurt,8552744
SOU12,South Julie,4635198
EAS24,East Alexandershire,7486341
SOU13,South Megantown,1705147
WES20,West Monicastad,4736755
NEW18,New Stephen,6490437
WIL3,Wilsonstad,3459444
POR25,Port Jennifer,6276169
WES21,West Kim,5662424
TIN,Tinaberg,8212167
WES22,West Andreaport,829597
TAM,Tammiebury,4878468
KEN,Kennedyport,3224441
SOU14,South Sheila,1904036
MIL3,Millerbury,1888101
LAK25,Lake Loriburgh,8114955
COO1,Cookburgh,2762170
ROD1,Rodriguezside,691664
SUL,Sullivanfort,9723169
NIC3,Nicholasview,5631811
WES23,West Allen,5061110
JON,Jonesfort,8135083
LAK26,Lake James,2174714
WES24,West Christopher,9723560
WES25,West Scott,3094614
WES26,West Scottstad,3856224
NEW19,New Jonathan,2801510
THO,Thomasmouth,9424249
CAT,Catherineland,4724579
RAC,Rachelburgh,9283231
DAN1,Danielburgh,2837565
MOO1,Moorebury,8546615
KAR,Karenside,6338857
WES27,West Michael,8287213
NOR27,North Lisaburgh,2852904
SUE,Sueton,8643846
POR26,Port Sheilachester,8526533
DYE,Dyerstad,8378814
KAT3,Kathyshire,4707580
DER,Derricktown,6980546
NOR28,North Madisonfort,4979793
NGU,Nguyenshire,7824893
CHA2,Chavezfurt,9673000
CHR2,Christopherton,2609601
NEW20,New Lauraside,5303318
NEW21,New Philipfurt,7713588
POR27,Port John,1515417
ASH2,Ashleyland,3384240
POR28,Port Christopher,3794910
LAK27,Lake Bruceton,7400015
MIG,Miguelberg,9957009
WES28,West Terriview,5318748
WRI,Wrightstad,1556313
SOU15,South Stephanie,8814304
LAK28,Lake Juliaside,7975460
SOU16,South Katelyn,7562696
EDW2,Edwinville,145709
LAK29,Lake Dakotaside,2128229
ERI,Erinmouth,3889484
JOH4,Johnchester,879687
WAS,Washingtonborough,8044433
EAS25,East Markfurt,4261358
JEF,Jefferybury,6155848
RYA,Ryanbury,1289706
NEW22,New Jesse,7124055
RAC1,Rachelmouth,7374774
BRI,Brianfort,27205
MEL3,Melanieland,189890
NEW23,New Williamhaven,3925622
POR29,Port Paigeside,2100478
ALV,Alvarezside,4700367
ZIM,Zimmermanland,1016269
LAN,Lanebury,9541157
WAL,Wallaceberg,9447671
REE,Reedport,679039
NOR29,North Anthony,9418085
NOR30,North Donaldborough,128677
LUT,Lutzview,5788724
LAK30,Lake Louis,3393006
SOU17,South Benjamin,1765884
WES29,West Stephenview,2368474
GRI,Grimesberg,3766298
MOR,Morganport,6820586
NEW24,New Dennis,7336606
JEN1,Jennatown,5623099
NEW25,New Derrick,6049634
MOO2,Mooreside,9149125
EAS26,East Christineshire,5647518
EMI1,Emilyburgh,3549459
NEW26,New Erika,6468788
POR30,Port Steven,9304595
SKI,Skinnershire,7687593
RAY,Raymondville,2124210
NEW27,New Cassandraland,6929533
NEW28,New Nathanielville,7224724
KIR,Kirbymouth,6312999
TRA1,Traceyshire,972080
LAK31,Lake Andrechester,150534
SOU18,South Briannatown,8716377
LAK32,Lake Angelaland,1570288
NOR31,North Hectorborough,1158603
NEW29,New Sarah,3090527
BRI1,Brittneyville,1674907
MOR1,Moralesbury,4687666
LAK33,Lake Lisatown,6643440
MAR2,Markshire,4996658
BRI2,Brianside,2186235
POR31,Port Annette,8658584
NEW30,New Danielton,747278
NEW31,New Ericburgh,2593856
LAK34,Lake Katherineshire,169580
POR32,Port Oscar,8713869
NEW32,New Calvinmouth,2675561
POR33,Port Deborah,5223585
THO1,Thompsonton,5407655
WES30,West William,2763483
NOR32,North Ronnie,2394985
THO2,Thomasbury,8829139
LAK35,Lake William,2665270
NOR33,North Meganbury,3573875
MCC2,Mccannmouth,7622667
POR34,Port Anita,3227708
MEG1,Meganborough,1931285
NEW33,New Laurie,298497
FOW,Fowlershire,4262405
NGU1,Nguyenfurt,9968279
ERI1,Ericaview,5874154
GAB,Gabriellaland,1468867
NEW34,New Seanborough,2878569
NOR34,North Robertview,4741885
JOH5,Johnsonmouth,6778531
ELI,Elizabethhaven,9405987
EAS27,East Meghan,1074632
POR35,Port Tammiefurt,3349513
LAR,Larryport,7605727
WES31,West William,1838758
DAN2,Danaland,1266376
GRE,Gregorybury,6827436
LAK36,Lake Michael,4827416
HAN1,Hansonhaven,2925821
VAS,Vasquezfort,3578917
HER1,Hernandeztown,7296992
SOU19,South Brandon,164494
NEW35,New Ashleybury,2721106
SOU20,South Kennethport,2388084
NEW36,New Alisha,6429098
RUS1,Russellstad,3512904
WES32,West Judystad,8163759
MAR3,Markport,739599
EAS28,East Rachel,9460347
CRA,Crawfordbury,6912057
GON,Gonzalezhaven,6189870
WES33,West Mia,7161132
POR36,Port Ronaldchester,426969
NOR35,North Gerald,1120336
REB,Rebeccachester,3310877
LAK37,Lake Peterside,7680848
JEN2,Jenkinsview,4315017
BRA1,Bradleyland,2897785
LAK38,Lake Rachaelport,4740218
GRE1,Gregoryside,3363103
MIL4,Millerhaven,3441695
JON1,Jonesfurt,2140752
LIN,Lindamouth,1433387
POR37,Port Heidi,7153552
COX,Coxbury,2287859
SHA,Shannonview,2010404
EAS29,East Caitlin,2713183
ANN,Annetown,1575822
LAK39,Lake Stanleymouth,6883419
HEA,Heatherstad,9987469
WES34,West Justin,2066171
DAN3,Danielleburgh,3258681
NOR36,North Sheila,1178372
WES35,West Brenda,8913143
GOR,Gordonchester,6963846
SOU21,South Emily,4692834
PAT1,Patriciaburgh,1805140
KEL,Kellieside,8846962
JEN3,Jenniferburgh,303153
NOR37,North Isabella,3491144
RHO,Rhodesstad,5331238
NEW37,New Marissa,3195300
EAS30,East Candiceton,1137375
TUR,Turnershire,4828696
NOR38,North Benjaminchester,8563394
LEB,Leblancland,7991191
NEW38,New Brianaport,897161
CLA,Clarkhaven,2254131
KAT4,Katiebury,5707227
WES36,West Adamland,8162937
LAU1,Laurenstad,38950
NOR39,North Jamesborough,3908211
JEN4,Jenniferstad,5371329
ROD2,Rodriguezborough,5984418
POR38,Port Aaron,1913148
MAR4,Martinburgh,3238248
SOU22,South Timview,9533381
LAK40,Lake Christopherberg,8085311
BEN1,Benderstad,5348601
JOH6,Johnstonburgh,5682856
SAR1,Sarahhaven,1942037
MUR,Murphyville,7852296
NGU2,Nguyenburgh,7433973
KIM2,Kimtown,3230837
EAS31,East Austinton,1495402
LAK41,Lake Lisa,6595567
EAS32,East Randall,1742317
NOR40,North Sandraville,8986207
WIL4,Wilkinsmouth,8508941
MIL5,Millerfort,8385614
SMI2,Smithburgh,9108854
RAN,Rangelshire,3102478
CAS,Castilloview,6632857
COL,Colemanberg,8615370
AAR,Aaronberg,8293066
SOU23,South Darren,2878774
GRA,Grahammouth,3404256
POR39,Port Nina,2116512
POR40,Port Beth,3380001
SOU24,South Brandonview,1766186
EAS33,East Melissa,7813329
NEW39,New Duane,1949151
NOR41,North Natalieborough,6488952
FOR,Forbeschester,4040037
HEA1,Heatherhaven,4268722
MEY,Meyersstad,2127132
POR41,Port James,7108207
EAS34,East Justinbury,6387498
POR42,Port Chadfurt,3151922
VAL,Valeriefurt,4149659
MEG2,Meganville,508141
POR43,Port Meghan,568014
MIL6,Millsport,6551529
EAS35,East Robertborough,1732559
NOR42,North Davidshire,7239830
KIR1,Kirbyberg,5429878
ROS,Rosariochester,361243
DEB,Debrashire,2182006
MAL,Maloneside,1145578
MAR5,Marcusmouth,4263184
JAC1,Jackieport,9634007
OMA,Omarburgh,6729797
SMI3,Smithton,2408291
LAK42,Lake Jeffrey,6034262
EAS36,East Christina,5863502
POR44,Port Andrewhaven,4050285
SOU25,South Travis,6818571
JOH7,Johnville,9326442
POR45,Port Pamelaland,6197361
WES37,West Donna,4640047
NEW40,New Ronaldstad,6035452
SAL,Salasville,2037454
ROB2,Robertshire,4042185
LAK43,Lake Josefurt,2512419
CLA1,Claytonton,940500
NAT,Nathanielchester,6703694
ROB3,Robertchester,608461
WES38,West Jenny,3546895
DON,Donnafurt,7678918
NEW41,New Deborah,3544617
MAR6,Marcusside,5339093
SHE2,Sherriborough,2396039
SOU26,South Davidmouth,7445193
EAS37,East Tammystad,5089866
MAR7,Marciastad,8523823
ASH3,Ashleyfort,7037897
LAK44,Lake Meganbury,3410918
DAL,Daleburgh,8156023
PAR,Parrishfurt,3770224
SHE3,Shelbyfort,1472749
CLA2,Clarkmouth,4133857
MAR8,Marshallfort,2277925
WES39,West Valerie,9938595
SOU27,South Brianport,6548872
DAV2,Davidmouth,5340142
LAK45,Lake Karenland,8677052
NEW42,New Tammy,5491968
JEN5,Jenniferchester,1295980
LAK46,Lake Danielmouth,1067468
SHE4,Sheilaborough,1411113
KNI,Knightburgh,1171891
POR46,Port Traci,2653122
SNY,Snyderside,4737495
COR,Coreyland,5618811
KAR1,Karenhaven,9056685
PER,Perrymouth,6583468
NOL,Nolanhaven,2631135
JIM,Jimtown,9247707
NEW43,New Gailtown,2012353
JES2,Jessicamouth,8392925
POR47,Port Reginaview,4646126
SOU28,South Karen,809050
THO3,Thomasshire,4460240
LAK47,Lake Kimberly,9404228
SAM1,Samuelmouth,9573288
JAM1,Jamieberg,265504
HEA2,Heatherhaven,4019173
WES40,West Scott,4774655
BUR,Burtonview,4883158
LAK48,Lake Alexander,839724
RAM,Ramosmouth,5587166
SMI4,Smithmouth,9964497
LAK49,Lake Emma,8379247
NOR43,North Markmouth,8513356
NEW44,New Nathanielchester,404308
DAV3,Daviestown,4947398
AMA1,Amandamouth,8612981
LAK50,Lake Samantha,3357792
NOR44,North Debbie,5891280
LIN1,Lindaborough,421121
POR48,Port Edwinstad,9788596
SOU29,South Ann,1198643
WEI1,Weissport,2645769
NOR45,North Johnville,2836188
WES41,West Brandichester,3199622
EAS38,East Susanfort,4715479
NEW45,New Brendaberg,5997970
WES42,West Victoria,1184561
FIT,Fitzgeraldmouth,3481967
THO4,Thompsontown,2116274
KAT5,Kathrynborough,905961
LAK51,Lake Kiara,2880051
POR49,Port Briantown,6268295
VEG,Vegatown,9109880
KEV,Kevinchester,8356194
STE,Stevenberg,820783
ANN1,Annview,6768390
DOU,Douglasborough,1047656
WES43,West Oscar,9011940
NOR46,North Shawntown,1152579
LAK52,Lake Karen,8019121
SOU30,South Mark,8104223
HER2,Herreraton,5625886
NEW46,New Daniel,9630924
MUR1,Murphychester,1448572
NEW47,New Paul,6617497
NEW48,New Kara,3666231
KAT6,Kathrynside,2885756
NEW49,New Johnmouth,6480756
HUM,Humphreystad,7850035
LAK53,Lake Johnathan,2595183
SOU31,South Alanberg,2559990
AND,Andersonland,2348942
LAK54,Lake Robertborough,6154898
SCH,Schultzport,4401835
EAS39,East Lauren,1080998
PHI,Philipland,6857547
MAR9,Martinshire,1229651
CHA3,Charlesborough,8208966
OBR,Obrienchester,1230873
NEW50,New Karenview,1234543
POR50,Port Mariaberg,9945931
LAK55,Lake Claireton,7212011
MIC1,Michellestad,5155872
KRI,Kristaport,5560508
LAK56,Lake Laura,3939230
DAV4,Davisbury,5935866
NOR47,North Terristad,330109
NOR48,North Jillville,7745983
SOU32,South Michael,4815494
WES44,West Terrimouth,1636743
EAS40,East Jeromemouth,4406798
CYN,Cynthiaberg,1173405
NOR49,North William,826556
MIC2,Michaelberg,4629333
LAK57,Lake Nicoleport,6971453
CHE1,Chelseaburgh,484180
MIL7,Millerfort,1047919
MIC3,Michaelberg,8059453
LAR1,Larryland,9630423
JEN6,Jenniferchester,6477383
SOU33,South Markchester,2104117
MOO3,Moodybury,3606476
SAN1,Sanchezborough,2546363
MAY,Mayfort,5962937
AMA2,Amandafort,28386
SOU34,South Lisa,2968580
WES45,West Christopherland,6398308
POR51,Port Andre,3589291
EAS41,East Michelleborough,5084854
SOU35,South Jason,4372019
SOU36,South Brian,7883919
MIC4,Michaelstad,9679671
NOR50,North Markfurt,7719512
KEV1,Kevinstad,1568669
STE1,Stevenmouth,1991440
WES46,West Amy,4200113
BRA2,Bradleybury,7812244
WES47,West Justinshire,9618532
PHI1,Philliphaven,2591988
WES48,West Donald,5812708
SMI5,Smithland,4817317
WES49,West Kimberly,4660048
ABI,Abigailmouth,8668067
COU,Courtneyview,4060140
NOR51,North Jennifer,8533759
VIC,Victoriaport,5378109
NOR52,North Cherylton,7181432
WES50,West Kennethfort,9863353
POR52,Port Curtis,7660260
LAK58,Lake John,6522219
NOR53,North Williamville,9969695
EAS42,East Frank,603352
NOR54,North Lisa,46712
KAY1,Kaylafort,4438957
SOU37,South Julianfurt,6793261
JOH8,Johnsonfort,2837255
ROB4,Robertsside,528470
JAS1,Jasonton,9963857
LAK59,Lake Tammyfurt,8462333
EAS43,East Kaylafurt,5939138
JAC2,Jacobtown,2051643
KAT7,Katherinetown,762656
HUN2,Hunthaven,5059828
JOH9,Johnshire,8086765
WEA,Weaverville,7483357
CHA4,Chavezmouth,288450
MIL8,Millerton,6713859
SOU38,South Travis,9594600
EAS44,East Jose,1139908
JAC3,Jacksonhaven,5181288
RON,Ronaldview,6718455
SOU39,South Aaron,1460043
LAK60,Lake Cheryl,4268766
SPE,Spencerland,584574
LAK61,Lake Brent,1096187
BAI,Baileyton,7475654
MAD,Maddoxview,981904
NEW51,New Michelleside,3554496
SOU40,South Dennisview,4294365
SOU41,South Elizabeth,968460
WES51,West Timothy,1529429
OWE,Owenfurt,49424
LYN,Lynnmouth,9299388
ROB5,Robertland,9857777
WES52,West Matthew,5349078
RAV,Ravenmouth,3521145
AND1,Andrefort,7085377
MIC5,Michaelmouth,9727612
SOU42,South John,4693912
WIL5,Williamfurt,2256290
LAK62,Lake Joefurt,1089584
JON2,Jonesland,49652
POR53,Port James,9949981
LAK63,Lake Danielleville,5106210
CAS1,Castroside,2477499
POR54,Port Jenniferburgh,5105130
POR55,Port John,754109
POR56,Port Jennifer,9631027
ERI2,Ericville,5200075
KAY2,Kaylamouth,8739574
GOM,Gomezchester,7315525
ENG,Englishhaven,769964
SOU43,South Deniseberg,8010801
SAR2,Sarahtown,5855956
SOU44,South Scottmouth,4640719
CHR3,Christineville,7776121
NEW52,New Fernando,5696451
JES3,Jessicabury,147928
BAL,Ballmouth,5054073
STO,Stoneside,4628584
REI,Reillyhaven,3375190
SOU45,South Taylortown,6014386
NEW53,New Rachaelfurt,1473691
ANT,Anthonymouth,7285816
EAS45,East George,2175818
NOR55,North Andrewville,5953418
LEW,Lewisville,1933351
WES53,West Laura,2895988
NOR56,North Sarah,7261718
RIC1,Richardsontown,5241964
LAK64,Lake Christianstad,5123590
PRI1,Pricehaven,3295915
NEW54,New Cynthia,117219
NOR57,North Alyssa,3297865
SCH1,Schmitthaven,3077875
NEW55,New Morgan,3039095
NIC4,Nicoleview,5627483
CHE2,Cherylfurt,6642644
ADA1,Adamsland,3864861
SER,Serranoshire,1350791
JAM2,Jameshaven,9797749
NEW56,New Thomasbury,2270878
KAR2,Karenshire,3882119
HUN3,Hunterland,5200900
POR57,Port Tiffany,3138517
PAT2,Pattersonchester,8653269
NEW57,New Johnstad,1889366
TAN,Tanyabury,6905435
NEW58,New Johnfort,2351990
ALE1,Alexanderton,2530487
NOR58,North Patriciamouth,1202364
POR58,Port Pamela,1959149
EAS46,East Jenniferville,5343777
NOR59,North Annetteborough,5481656
CHR4,Christopherview,3383426
WAD,Wadeport,8599833
SOU46,South Raymond,1241513
WES54,West Laura,7936334
MAR10,Marymouth,4446276
SOU47,South Conniemouth,4166822
CAS2,Castrofurt,5509738
NOR60,North Jeremiah,2013956
POR59,Port Annamouth,8900078
SOU48,South Tonya,9875342
LAK65,Lake Amanda,3151432
STO1,Stonemouth,3245482
CAS3,Casefurt,8907380
SOU49,South Brucefort,7807852
FLO,Floresstad,9742217
AND2,Andrewview,9697654
NOR61,North Matthewside,5418567
POR60,Port Kevin,8298542
HAW,Hawkinsburgh,3757511
NOR62,North Megan,573620
KEV2,Kevinshire,9264387
NOR63,North Bobby,9652050
FEL,Feliciaport,7221800
TAY,Taylorville,3557068
EAS47,East Michellestad,8546346
MON1,Monicafurt,9875245
RIC2,Ricemouth,3483931
RAC2,Rachelmouth,5875407
WES55,West Isabellaton,2081408
EAS48,East Marcusberg,3632363
SOU50,South Nicoleshire,3432269
VIC1,Vickiechester,8569447
THO5,Thorntonmouth,9398062
MIL9,Millermouth,1615622
EAS49,East Dylan,6505790
NOR64,North Mirandabury,762663
LAK66,Lake Brittanyfort,2950975
NEW59,New Kathryn,7031863
KAR3,Karenville,6284771
POR61,Port Christine,4976928
LAK67,Lake Erica,3676141
EAS50,East Ryanbury,6904320
JES4,Jesuston,2302649
DAV5,Davidstad,8642716
WHE,Wheelerberg,4954682
KAT8,Katieside,7033735
SUS,Susanchester,6001776
JAM3,Jamesborough,7965417
LAK68,Lake Monicaberg,7553290
SMI6,Smithfurt,3551432
MCD,Mcdonaldfurt,9179259
JOS5,Josephland,207755
POR62,Port Candaceview,6694641
MON2,Monicatown,5747782
CAL,Calderonborough,5035216
NOR65,Normanmouth,6918410
NEW60,New Williamhaven,2633998
ANT1,Anthonymouth,8370986
NEW61,New Megan,9819981
SAR3,Sarahmouth,4875399
WIL6,Williamsbury,6536393
EAS51,East Dominic,2868657
NOR66,North Connor,5021192
WES56,West Matthewview,2803437
EAS52,East Davidshire,9387220
WES57,West Bradley,9773845
WES58,West Scott,9066368
EAS53,East Richard,3812723
ASH4,Ashleymouth,514410
NEW62,New Shannon,6446868
NOR67,North Oliviaside,2517526
NOR68,North Ellenborough,8430146
SOU51,South Danielhaven,7615481
BLA1,Blakeshire,8760472
POR63,Port Shawn,4851530
MAR11,Marthaton,5758045
MYE,Myersside,559221
NOR69,North Brittanymouth,2568973
SOU52,South Melissa,3282118
LAK69,Lake Zachary,9282165
SOU53,South Deanna,7454377
EAS54,East Sarahmouth,4949053
KRI1,Kristinaberg,5115040
KYL,Kylehaven,3884423
TIM,Timothyview,7150762
TIM1,Timothybury,9703868
NEW63,New Kimberly,2061216
KEL1,Kellybury,6649937
VAL1,Valdezmouth,8807886
NOR70,North Nicole,7230243
BRO1,Brownland,4491587
NEW64,New Tricia,3032062
EAS55,East Bruce,7524154
SOU54,South Markport,3759414
WAL1,Walterfort,5126752
NOR71,North Autumnfort,3447708
EMI2,Emilytown,9559582
KEL2,Kellyfort,4227378
POR64,Port Haleymouth,5132887
REB1,Rebeccabury,4839491
NOR72,North Crystalville,3221699
LAK70,Lake Seanstad,648117
HER3,Hernandezton,9848843
LAK71,Lake Frank,8715066
ELL,Ellisonstad,6430945
WAL2,Walshview,4736692
CON,Conwaytown,778199
ROB6,Robertsonland,8785163
JIM1,Jimenezburgh,845824
WES59,West Nicholas,5825429
GLO,Gloriabury,5037236
STR,Strongside,7502729
JEN7,Jennifertown,3981451
DON1,Donnaborough,8469427
COO2,Cooleybury,8171466
SCO1,Scottville,1861382
DAV6,Davisport,8644884
PAR1,Parkschester,3917807
JUS,Justinberg,8961026
GON1,Gonzalesstad,5042560
SAN2,Sanchezport,913778
ALE2,Alexanderland,4192640
ROB7,Robinsonstad,9095449
SAR4,Sarahtown,6241110
SOU55,South Adrienne,8525645
PON,Ponceton,861976
NEW65,New Richard,6447582
WES60,West Michaelport,2447602
NOR73,North Kathyton,1077528
SOU56,South Emilychester,1462968
NEW66,New Matthew,5825486
BUL,Bullockville,4684353
WHI1,Whitehaven,7970643
WES61,West Melissabury,4243486
JOH10,Johnsonview,2798597
LAK72,Lake Andrewtown,2980713
NEW67,New Jaredton,5684965
DOU1,Douglaschester,9976159
ALV1,Alvaradofort,1886337
NAT1,Nathanborough,4929798
LOR2,Lorichester,9788269
EAS56,East Danastad,1643705
EAS57,East Andrew,1505682
TOD,Toddfurt,8846531
SOU57,South Charlesside,3146120
ANN2,Annfort,2756311
NEW68,New Heatherfort,4152412
NOR74,North Huntermouth,5094015
SOU58,South Ronald,6342917
FOW1,Fowlermouth,2859303
SOU59,South Michael,5284267
KAT9,Katelynmouth,4844720
ONE,Onealmouth,7237843
NEW69,New Charlesmouth,7810464
NOR75,North Christinaland,5640914
WES62,West Emily,8535268
BYR,Byrdside,851253
NOR76,North Hollyfort,4435758
POR65,Port Kayla,7135625
WES63,West Bethtown,9765023
JON3,Jonesport,4436684
LAK73,Lake Emma,7027052
WES64,West Brittneyfort,7648646
KNI1,Knightfort,3484446
EAS58,East Jason,1027133
WES65,West April,2093783
SOU60,South Rebecca,80063
SOU61,South Laurenside,1709186
MON3,Monicaberg,277000
WES66,West Kenneth,9718806
SAR5,Saraview,538897
CLA3,Clarkburgh,9065291
EAS59,East Dawnside,2342024
ANN3,Annahaven,2029220
BRA3,Brandonland,3579383
JOH11,Johnsonfurt,5402602
SOU62,South Cassandrachester,5846612
LAK74,Lake Daniel,2654966
KAT10,Katherinefort,6386474
EDW3,Edwardsside,6897249
COO3,Cookhaven,9682854
PER1,Perezland,1523812
NEW70,New Michelle,3747109
MIC6,Michelletown,9934135
GAR1,Garrettfurt,9713866
SOU63,South Johnville,763294
SOU64,South Annshire,5922575
NIC5,Nicholasfort,4090672
EAS60,East Michaelstad,9517594
NEW71,New Elizabethland,7784922
LAK75,Lake Larrychester,1299351
EAS61,East Tara,3035917
LAK76,Lake Kenneth,4651453
KEV3,Kevinshire,3566799
TAM1,Tammymouth,9063927
JEN8,Jenniferstad,3719034
NEW72,New Alexandra,868996
EAS62,East Whitneyberg,1559926
SOU65,South Reginaldside,222640
JAS2,Jasonstad,5943894
SCH2,Schmidtton,7081931
CAS4,Cassandratown,8148714
WES67,West Stevenbury,8008860
LAK77,Lake Karenstad,9833202
NEW73,New Allen,1822486
TON,Tonyview,3486708
SAM2,Samanthaborough,9123961
WES68,West Michaelview,3767976
JES5,Jessicaburgh,4196593
ALL2,Allenside,5589871
WES69,West Brianview,677280
MAY1,Mayerberg,6144482
EAS63,East Erin,6770505
AMY,Amyview,6739082
WES70,West Nicoleshire,7910433
LAK78,Lake Monica,1365306
EAS64,East Morgan,3167558
TOR,Torresfurt,8305665
NEW74,New Gregory,6017904
MCD1,Mcdowellside,4689420
AND3,Andersonside,9850913
EAS65,East Robert,4535323
BRI3,Brianside,5394163
NEW75,New Matthew,7329500
EAS66,East Raymond,1332593
POR66,Port Wayneton,9150754
NOR77,North Melinda,4757451
WES71,West Nathanielmouth,3410764
SOU66,South Rachelberg,6161769
MOR2,Morriston,8869879
JAR,Jaredmouth,2627559
NOR78,North Ericfort,1530980
CUM,Cummingsbury,8084639
NEW76,New Stevenport,5997160
LEW1,Lewisside,6002164
LAK79,Lake Patrick,4300270
PET1,Peterview,6063656
EAS67,East Nicholestad,7421069
CHR5,Chrishaven,3488464
TIM2,Timothybury,3577810
SOU67,South Xavier,2981324
LAK80,Lake Cameronbury,5977663
EAS68,East Bryan,9041979
KAR4,Karenmouth,5293782
MAS,Masonville,8788465
POR67,Port Tyler,2167561
SOU68,South Jonathan,3983728
POR68,Port Mary,4753335
ADK,Adkinsmouth,447744
EAS69,East Paul,8254406
KIR2,Kirkhaven,5531567
SOU69,South Jorgemouth,2110783
JAS3,Jasonmouth,2788639
EAS70,East Robert,8218092
NOR79,North Jeffery,8791293
EAS71,East Johnstad,6013975
CAR2,Carlamouth,3282938
DOM,Dominiqueshire,6651353
LAK81,Lake Anthony,2857365
ZAC1,Zacharyview,2684661
GIN,Ginachester,5466210
POR69,Port Lauren,9793314
SOU70,South Danielville,6946312
WES72,West Kevinton,5907215
NEW77,New Shawnbury,9600893
NAT2,Natashahaven,6092708
LAK82,Lake Christina,8559719
WON,Wongstad,9625551
EAS72,East Christophertown,5535808
DAN4,Danashire,4492742
SOU71,South Melissaberg,6766963
DAV7,Davidhaven,4727329
NOR80,North Kristine,4517471
NEW78,New Scottfurt,4885546
DAV8,Davidberg,5019363
MAR12,Marcusborough,7788330
NEW79,New Eduardo,1773780
WES73,West Shelbymouth,2136986
NOR81,North Samanthastad,825383
MIC7,Michaelhaven,7160744
RAY1,Rayfort,9279297
MIC8,Michaelchester,1643795
JOH12,Johnton,6977674
NOR82,North Meganberg,3862944
POR70,Port Pamstad,9133855
NOR83,North Sheri,8595727
NOR84,North Monica,6696333
SOU72,South Stacyfurt,4353408
NEW80,New John,8981706
HEN,Henryborough,7867827
MOR3,Morganberg,8003320
LIN2,Lindafurt,7339518
POR71,Port Amanda,6194569
AND4,Andreaport,3443908
POR72,Port Rachelberg,454060
SMI7,Smithborough,6479765
NEW81,New Brandon,3890413
NOR85,North Kyle,1853794
ENG1,Englishberg,6349197
MCD2,Mcdowellchester,5918701
JON4,Jonathonfurt,7623829
TAM2,Tammyberg,7574019
JOR,Jordanchester,7303184
HIC,Hicksland,1415689
EAS73,East Christopherborough,9705715
EAS74,East Elizabethside,84407
NOR86,North Leah,4839207
AND5,Andrewberg,3990053
LOR3,Lorishire,1316470
EAS75,East Lukefurt,3244105
MIC9,Michaelstad,4290790
SOU73,South Johnborough,1360538
WES74,West Brendastad,5929926
NOR87,North Reginaside,7055156
NOR88,North Williamton,6033129
LAK83,Lake Donaldchester,3898124
LOR4,Lorrainebury,9914976
NEW82,New Harold,7475555
PAU,Paulhaven,8372039
SOU74,South Alejandro,6882586
LAK84,Lake Andreaburgh,3377531
SOU75,South Annette,8583983
POR73,Port Michelle,4082046
AMY1,Amybury,4971028
SOU76,South Bobbyside,5051089
POR74,Port Angela,143503
WES75,West Jessicaburgh,9559626
FLE,Flemingmouth,4875804
EMI3,Emilyland,2394076
DYL,Dylanport,4485008
DEV,Devonberg,2190953
ROG,Rogersberg,8379705
WES76,West Julie,7617069
LAK85,Lake Tracyport,8435846
NEW83,New Samanthatown,3690671
BAT,Batesville,2813860
WAR1,Wardview,1561092
LAU2,Laurenport,4460299
ERI3,Erinborough,5142826
BON,Bonnieville,4539919
LAK86,Lake Ashley,7516049
WES77,West Tinafort,9107708
POR75,Port Meganstad,6873806
RIC3,Richardmouth,884418
SHA1,Shawnburgh,6695396
LAK87,Lake Samuel,4739308
TOR1,Torreston,6847478
LAK88,Lake Aaron,4468197
WES78,West Christopher,6479484
WES79,West Jason,2613470
JAM4,Jamesfurt,2228160
KAY3,Kayleeville,1999736
TRE,Trevinomouth,3612775
WES80,West Shawnmouth,1934143
WES81,West Scott,6503818
VAN1,Vanessaborough,1739121
LIN3,Lindaview,3755608
LAK89,Lake Jessicamouth,5117156
THO6,Thomashaven,4544581
POR76,Port Dianaside,2433861
HOW,Howardstad,2133940
SAN3,Santiagoberg,3080647
LAK90,Lake Johnathan,400276
DEA,Deannaland,7587530
BRY1,Bryanbury,2694520
POR77,Port Elizabethport,9390562
NOR89,North Jasmine,7215359
HAR,Harrisonbury,154027
NGU3,Nguyenfort,9028911
SOU77,South Crystalberg,127003
CHR6,Christopherburgh,9596934
DAL1,Daltonmouth,2426435
KEN1,Kennethberg,4456872
JOS6,Joshuachester,4418600
POR78,Port Jenniferside,6996276
POP,Popeton,100964
MAT,Matthewton,7847191
SOU78,South Justin,4824363
THO7,Thompsonville,8449536
CHR7,Christopherbury,1112414
EAS76,East Ginafort,6192818
MIC10,Michelleshire,3014653
WES82,West Elizabethshire,7425763
COL1,Collinsstad,5132843
POR79,Porterberg,5710937
JER1,Jeremyland,9794535
NOR90,North Russell,5788582
EAS77,East Kathleen,9561081
LAK91,Lake Bryanfurt,8920948
NOR91,North Donald,8232299
LAK92,Lake Stacy,8951717
SUT,Suttonborough,4506113
WIL7,Williamsonfurt,9124008
LAK93,Lake Toddborough,5387613
WES83,West Matthewmouth,8077181
POR80,Port Carl,2094009
BRO2,Brookeshire,5926447
ELI1,Elizabethbury,6856792
DAN5,Danaside,6928133
HAM,Hamiltonfort,4501490
MUR2,Murraymouth,5888989
POR81,Port Keithland,3962485
GAR2,Garciaburgh,5831681
NEW84,New Tanyatown,32324
WES84,West Davidberg,4470197
NIC6,Nicoleton,947368
DON2,Donaldmouth,7395776
JUL,Juliemouth,5729721
WIL8,Williamside,6632374
HAR1,Harringtonport,7588501
NOR92,North Benjaminside,7331785
LAK94,Lake Allison,9920990
NEW85,New James,8759649
MOO4,Mooremouth,4858071
NEW86,New Kristinaland,7996887
DYL1,Dylanburgh,4201115
GIB,Gibsonview,3361304
BRA4,Brandonside,5405108
POR82,Port Shawnfurt,2764540
NOR93,North Tim,8022295
NOR94,North Michaelmouth,5388836
SNY1,Snyderstad,7715477
WES85,West Jennifer,2502910
PAT3,Patrickton,2319413
TRA2,Tracyfort,6353359
SOU79,South Monicahaven,7655683
CAN,Cannonmouth,5959680
JOH13,Johnside,1118332
HOC,Hochester,3763345
BRO3,Brownmouth,3991508
MUN,Munozshire,7986597
EAS78,East Jennifer,6791047
SHA2,Shawnashire,8858012
AND6,Andersonburgh,3805204
SOU80,South Sean,4276885
LAK95,Lake Juliefurt,6885044
POR83,Port Melissa,9478381
WES86,West Rogerton,4615020
POR84,Port Christian,7430423
NOR95,North Larryburgh,5796514
MIC11,Michelleshire,6875191
HAL3,Hallbury,4301624
SOU81,South Cassandraborough,935023
NEW87,New Christian,2446476
WEE,Weeksbury,8464936
NOR96,North Kristiport,8661698
SOU82,South Donald,5611401
BRE,Brettton,2250897
LAK96,Lake Jeffreymouth,374412
NEW88,New Devin,1008128
DEA1,Deannaport,9506826
BAI1,Baileyfort,4165539
WIL9,Williamsmouth,4792052
NEW89,New Mackenzieshire,5258193
EAS79,East Amandashire,9749726
WIL10,Williamsview,7161237
AND7,Andersenmouth,1343223
JER2,Jerryfurt,3960845
LIS,Lisamouth,1096584
LAK97,Lake Meghan,3221429
MAR13,Marcfurt,8304909
WOO1,Woodardborough,3126683
MIC12,Michaelstad,1596306
JOH14,Johnsonton,4397403
STE2,Stevenmouth,6138537
MAR14,Marktown,1912059
ALE3,Alexanderfort,208667
FER,Fergusonbury,2800522
CRU,Cruzport,6247537
ERI4,Erinmouth,6447805
WES87,West Jeffrey,1382767
WES88,West Ericafurt,9023612
KIM3,Kimberlyfurt,3228010
THO8,Thomasfurt,30065
NAT3,Nathanchester,7424825
NEW90,New Gregory,2898931
POR85,Port Paulside,1490972
POR86,Port William,7621342
MEN,Mendezfurt,2983312
EAS80,East Lindatown,1002235
HUG1,Hughesburgh,9810745
SOU83,South Jessicatown,9886837
NOR97,North Robin,4863739
LAK98,Lake Kimberly,8502691
CAR3,Carlsonton,3097993
LIS1,Lisaport,9341582
MIL10,Millerbury,1227041
SOU84,South Gregory,1772605
WES89,West Christineborough,6512439
WIG,Wigginstown,9249131
LAK99,Lake Kathleenport,4809467
LAT,Latoyahaven,8296275
NEW91,New Ronaldside,4734190
JEN9,Jennifermouth,3368689
NOR98,North Laurenborough,3665469
WHI2,Whiteview,3094325
SCO2,Scottburgh,4544332
NAT4,Nataliestad,9969822
SOU85,South Henryton,3561111
HAR2,Hardyside,5660563
ANN4,Annborough,4454949
STE3,Stevenport,4610393
THO9,Thompsonburgh,56752
EAS81,East Marie,7007269
WES90,West Lisaborough,3541851
CAT1,Catherinefort,6969317
SOU86,South Patrickland,9860665
NEW92,New Peggyborough,5190914
THO10,Thompsonville,2675639
LAK100,Lake Leslieburgh,8721454
NEW93,New Leah,3627018
LAK101,Lake Mariah,9776796
WIL11,Williamhaven,495582
NOR99,North Johnathan,4066993
HER4,Hernandezhaven,8395607
LAK102,Lake Robertville,4000905
SOU87,South Brittany,8650534
NOR100,North Kristenberg,3865242
MAL1,Maldonadoberg,1991803
NOR101,North Deborahbury,6581232
LAK103,Lake Cassandraland,5520061
RIC4,Richardton,4667564
NEW94,New Chrisfurt,1473573
ERI5,Ericabury,651588
LIS2,Lisaville,5367549
NIC7,Nicholasborough,6384341
POR87,Port Edwinfort,2298840
NOR102,North Kimberly,6232620
ALV2,Alvaradotown,6371405
ROB8,Robintown,971429
EAS82,East Crystal,6863006
LAK104,Lake Andrew,9654342
POR88,Port Elizabeth,4756480
MAR15,Markville,9292052
JAC4,Jacksonfurt,506386
BUR1,Burnettside,8536412
ERI6,Ericside,833378
DES,Destinyview,256941
MAN,Manningchester,8892629
THO11,Thomasburgh,1807348
WES91,West Leonard,8571115
ANT2,Anthonytown,8559353
NEW95,New Jamesfort,7900682
WES92,West Vanessa,1269426
EAS83,East Jillfort,6783867
BRI4,Brianstad,9393043
EAS84,East Stephanie,6658914
LAK105,Lake Rodneyshire,8400098
MCD3,Mcdanielmouth,3211801
EAS85,East Peter,3485274
EAS86,East Debra,967620
SON,Sonyaville,8986626
WES93,West Joseph,4106968
NOR103,North Keithshire,8176372
RAM1,Ramirezbury,3255005
EAS87,East Shannonton,4178124
JON5,Jonesmouth,6022183
LOW,Lowechester,244695
EAS88,East Cynthiaview,8086505
NEW96,New Stephaniemouth,740342
WAL3,Waltermouth,4153275
POR89,Port Roger,7329536
NEW97,New Rebeccaville,8910435
DEB1,Debraburgh,6957213
WES94,West Thomasland,9836936
CAN1,Cannonville,6680820
AND8,Andrewton,7041612
NEW98,New Tyler,4726427
MAT1,Matthewland,3346080
HUG2,Hughesberg,1403218
SOU88,South Amyberg,138130
JOH15,Johnstonview,1807192
BAI2,Baileybury,1358230
ERI7,Erinbury,4509790
NEW99,New Pamfurt,9166079
WES95,West Julie,889188
NIC8,Nicholasburgh,3831457
EAS89,East Michael,5064265
EDW4,Edwardbury,7957412
NOR104,North Randyland,2352953
POR90,Port Michaeltown,6908923
SAN4,Sandrachester,9643670
TIN1,Tinahaven,4119425
EAS90,East Michelle,7078433
NEW100,New Tanya,1638427
RIC5,Ricktown,6563196
NOR105,North Steven,2609826
WES96,West Joshuaville,9332266
LEO,Leonardborough,82866
CHR8,Christopherberg,7886628
EAS91,East Richardmouth,4660661
POR91,Port Rita,5211103
OBR1,Obrienport,1550905
NOR106,North Brianmouth,2367164
HIL,Hillmouth,5531705
LAK106,Lake Julie,6946804
ERI8,Ericmouth,2406629
MIK,Mikaylaburgh,2638959
MOS,Mosesmouth,4243100
NOR107,North Luisfort,6571661
SOU89,South Dawnville,9637279
WES97,West Kenneth,5872842
WIL12,Wilsonberg,3523414
KAR5,Karenborough,4805264
CHR9,Christianview,8235643
WIL13,Wilsonport,6656250
WES98,West Kevinfurt,6159367
POR92,Port Kellyshire,2505594
WES99,West Kimberly,452743
BRI5,Brianfort,4801594
POR93,Port Stevenville,6119439
LAK107,Lake Christopher,5518145
NOR108,North Susan,2648937
VIC2,Victoriaburgh,3291036
SOU90,South Jacqueline,8821153
MEN1,Mendozaberg,8057725
LAK108,Lake Alicialand,3485862
EAS92,East Tanner,2400615
AIM,Aimeemouth,3779819
FIS,Fischerland,2239324
ALE4,Alexanderbury,6724080
ADA2,Adamsfurt,1183090
RAC3,Rachelton,9427001
WES100,West Jasonchester,7803199
NAN,Nancyfort,3032149
LAK109,Lake Kristenshire,8919251
EAS93,East Gabrielaton,2620287
SOU91,South Cindy,9172818
DAN6,Danside,8423363
WES101,West Michael,9545664
SEL,Selenatown,658461
WAL4,Waltersshire,9786795
POR94,Port Jessicaport,1073504
CHR10,Christopherview,2507471
NOR109,North Jasminehaven,5166824
NEW101,New Rachael,5884949
BRA5,Brandonstad,8949774
ROB9,Robertsborough,400082
NEW102,New Amandatown,415781
WES102,West Thomas,9140063
NOR110,North Michaelchester,9654774
WES103,West Kimberly,5119407
JAC5,Jacksonmouth,1744258
EAS94,East Nancy,6121745
JOH16,Johnmouth,7272545
AYA,Ayalaburgh,8743362
SOU92,South Aprilside,3447762
NOR111,North Ginafort,1527793
NOR112,North Dylanborough,186297
DEB2,Debrahaven,9631122
TAN1,Tanyaberg,2612082
RIC6,Richardhaven,7770317
WES104,West Lori,9763388
EAS95,East Robin,3119680
WES105,West Cindy,6340355
LAW,Lawrenceville,3574143
LOR5,Lorifurt,3414139
RYA1,Ryanport,6644720
NOR113,North Shannon,4601054
EMI4,Emilyside,2111603
WES106,West Tonychester,6492165
LAK110,Lake Rita,6448446
CAR4,Carlosstad,3752816
EAS96,East Johnland,2497106
BRI6,Brittanystad,5050150
NEW103,New Makayla,1494232
LAK111,Lake Sydneybury,1397250
KEN2,Kennedystad,1699600
WES107,West John,4088557
SOU93,South Jasonbury,9775632
LAK112,Lake Christineburgh,1144372
SOU94,South Brenda,493751
EAS97,East Omarmouth,4953197
LIT,Littleborough,6311147
ALE5,Alexanderstad,9190888
NOR114,North Robert,811111
SOU95,South Cindyshire,3967090
LOP,Lopezside,5552362
POR95,Port Geraldton,1433506
ALE6,Alexanderborough,8992637
MAR16,Markmouth,7511804
JES6,Jessebury,4413860
WES108,West Madison,7891956
CHA5,Chaneymouth,4446805
JEN10,Jenniferberg,5001943
EAS98,East Caitlynfurt,3865564
JOH17,Johnmouth,4765156
ARN,Arnoldland,5583299
NOR115,North Keith,7507467
OMA1,Omarton,2018536
SOT,Sotoburgh,3975876
ALE7,Alexanderbury,4737904
POR96,Port Jeffrey,4576854
ALI,Aliciachester,6187031
SOU96,South Sarahland,9520322
HAR3,Harrisside,3331771
DES1,Destinyburgh,9985120
SOU97,South Bob,9941029
NOR116,North Michaelton,9643773
ORT,Ortizburgh,1650830
SOU98,South Johnny,8039384
WES109,West Nathantown,1558653
WES110,West Stevenchester,5789399
NOR117,North Daniel,3153080
NOR118,North Timothy,497852
GOM1,Gomezstad,3801131
NEW104,New Bryan,194797
JEN11,Jenniferstad,9201323
WIL14,Williamfort,3359829
LAK113,Lake Katherine,8852342
BRI7,Brittanytown,4131188
NEL,Nelsonside,3646743
NEW105,New Michael,1215713
TIN2,Tinafurt,5711395
EAS99,East Christineville,2103703
NEW106,New Teresa,6381285
WES111,West Kathleenmouth,4195454
JAS4,Jasonmouth,6172199
JES7,Jessicaville,1496915
SEX,Sextonfurt,8953587
NOR119,North Laura,8636773
SOU99,South Christian,3455340
SOU100,South Randall,4101728
NOR120,North William,8475417
LAK114,Lake Rogerland,593085
PAM,Pamelastad,8724645
SOU101,South Victor,5931022
MAS1,Masonchester,5450866
NEW107,New Kevinport,3671598
EAS100,East Markmouth,1065675
CHR11,Christopherburgh,6280531
LAK115,Lake Patrick,7341690
JOS7,Josephland,3773721
LAK116,Lake Tommouth,7585562
RIC7,Richardfurt,9360129
LAK117,Lake Justinview,3519000
LEO1,Leonardberg,8242600
NEW108,New Jenniferhaven,8587058
DAV9,Davidhaven,1426856
LAK118,Lake Melissa,5715661
MIC13,Michaelshire,5489958
BAK,Bakerland,9580611
MIC14,Micheletown,172399
NEW109,New John,758567
SUS1,Susanview,5337598
EMM,Emmaport,8683059
LAK119,Lake Devin,4597719
NOR121,North Andrefurt,8479344
LAK120,Lake Robertland,320719
CYN1,Cynthiaview,8661034
WES112,West David,7221561
MCI,Mcintoshside,5478719
DEN,Denisetown,2735764
ROG1,Rogerschester,9233366
BLA2,Blackwellton,4357844
LAK121,Lake Kim,5750362
HAM1,Hammondton,3316429
EAS101,East Kimberly,1762401
RYA2,Ryanfort,424496
LAK122,Lake Paul,5476381
LAK123,Lake Robertchester,904015
EAS102,East Robertstad,8627691
BRI8,Brianport,7456625
WES113,West Brittanybury,584684
NEW110,New Jeffreymouth,8134045
COL2,Colonchester,6276380
MIC15,Michaelton,7012728
COX1,Coxtown,5091523
CLA4,Clarkefort,9518419
SAR6,Sarahton,2219930
EAS103,East John,2863043
POR97,Port Williamborough,8957441
ALL3,Allenport,4135198
PAM1,Pamelachester,3226077
GAR3,Garzabury,9359000
NOR122,North Michele,4082491
POR98,Port John,8141839
JEF1,Jeffreyborough,5070440
BUC,Buckleyville,1261363
RIC8,Ricardobury,8658201
SAN5,Sandramouth,4137473
LAK124,Lake Richardchester,7902501
LAK125,Lake Nicolemouth,3485556
NEW111,New Nathanieltown,7193708
SCH3,Schneiderburgh,9882989
NOR123,North Jennifer,2530966
WES114,West Brian,1887131
FRA,Franklinmouth,1945171
NOR124,North Tina,1423998
MAL2,Malonebury,4922350
EAS104,East Jason,1801933
WES115,West Michaelhaven,9512984
ERI9,Ericahaven,5941211
EAS105,East Cassandraview,6577650
GIB1,Gibsonton,6970658
GUZ,Guzmanton,735818
CHR12,Christinaton,4666153
NOR125,North Maryberg,1684476
MAX,Maxwelltown,3946521
WES116,West Sylviabury,1580347
MEL4,Melissahaven,2756835
HAR4,Harrisborough,6623525
GAR4,Garciaburgh,2512148
NEW112,New Bobville,9998052
SHI,Shirleyview,334578
TRA3,Tracibury,2385559
NOR126,North Rebeccamouth,783965
SOU102,South Louistown,9646025
NOR127,North Richardfurt,3365718
RON1,Ronaldchester,460061
STE4,Stephaniestad,9859037
WES117,West Jesusview,4537158
SHI1,Shieldsshire,1779527
SCH4,Schmidtmouth,3436947
JEN12,Jenningsshire,1185864
AUT,Autumnville,3980131
NEW113,New Patrick,6831148
JOS8,Josephbury,6211960
AND9,Andreahaven,6672091
WES118,West Brooke,6268599
WAR2,Wardhaven,1717462
ASH5,Ashleytown,4076664
LAK126,Lake Thomas,5539638
POR99,Port Donna,902175
EAS106,East Juanville,6698126
JOS9,Josephville,4132872
EAS107,East Robert,5180254
MEL5,Melindaburgh,3383536
HAL4,Hallchester,5268884
SOU103,South Bruce,5174871
HER5,Hernandezton,9853553
BAI3,Baileyborough,7030638
SCO3,Scottside,489457
LAK127,Lake Victoriafurt,7350012
MCK,Mcknightmouth,1593835
LAK128,Lake Kennethfort,1515176
NEW114,New Renee,3390167
EAS108,East Kaitlynmouth,8251213
NOR128,North Georgeborough,278490
AUT1,Autumnhaven,2598573
SOU104,South Randy,6071262
CAS5,Cassandrabury,9623357
ROB10,Robertport,2281815
AAR1,Aaronhaven,5063524
LAK129,Lake Dale,8685114
GAB1,Gabriellaland,953667
DIL,Dillonhaven,6784670
EAS109,East Natasha,2582818
ZIM1,Zimmermanmouth,6833776
MCK1,Mckeemouth,8347215
NOR129,North Richard,2314197
NOR130,North Aprilchester,6730642
JUL1,Juliaton,9179332
NEW115,New Lindsey,2233461
POR100,Port Haley,2775933
NOR131,North Christopherburgh,3726353
YOU,Youngstad,2157956
HOL,Holmesville,3418233
NEW116,New David,6792062
POR101,Port Connie,6352851
SOU105,South Kennethmouth,4304618
MIC16,Michaelchester,755703
DEN1,Deniseberg,4642011
LES,Leslieberg,1279316
WES119,West Peter,3826191
LAK130,Lake Jimmymouth,8660242
POR102,Port Lindsay,6757464
WIL15,Williamburgh,2802014
MOR4,Moraburgh,5062099
LAK131,Lake Donaldfort,6096519
TON1,Tonifort,9281785
NOR132,North Monicaport,3889222
NEW117,New Terri,3380882
HEN1,Hensleytown,5592006
NOR133,North Carrieview,7181906
SHA3,Shannonborough,8986487
CAR5,Carlstad,9378826
LAM,Lambview,6567965
SOU106,South Steve,5996452
POR103,Port Makayla,3543340
POR104,Port Sharon,50379
EAS110,East Christopher,8663989
NOR134,North Christopherburgh,2464702
GIL,Gillespiefort,1945559
SOU107,South Michael,6263325
KEI,Keithbury,3588568
SOU108,South Amy,7072787
EAS111,East Kathyside,7129503
CHR13,Christianchester,7075297
LAK132,Lake Jonathan,7135836
POR105,Port Janice,7888753
NEW118,New Annaberg,8609599
EDW5,Edwardport,2848934
LEE,Leeland,4970609
FLO1,Floydside,5713107
WIL16,Williamstown,6285190
EAS112,East April,392670
WES120,West Courtneybury,7809207
CAM,Campbellland,1342993
SOU109,South Carol,3298408
LAK133,Lake David,4379484
NOR135,North Timothyfort,2548333
EAS113,East Dennis,6333820
EVA,Evanschester,1759726
PIT,Pittsbury,1971808
MAN1,Mannview,7334281
POR106,Port Hunterville,9170505
NOR136,North Jennifer,3553693
SOU110,South Paulburgh,1629150
GRA1,Grahamhaven,6141973
STA,Starkview,6048929
POW,Powellside,2784707
EDW6,Edwardport,6158337
ERI10,Erinbury,2707866
SAN6,Sandrafurt,4269972
EAS114,East Jamesmouth,971288
PAT4,Patelside,1358730
LAK134,Lake Cindy,8247557
CRU1,Cruzchester,5319641
EAS115,East Scottport,2607975
JAM5,Jamesmouth,8657865
MCG1,Mcgeemouth,5692888
WIL17,Williamsfurt,2136159
BRO4,Brownside,7648569
SOU111,South Patriciachester,4379719
HAY2,Hayston,2461219
POR107,Port Amandaville,2615485
MAT2,Matthewsbury,1394094
WES121,West Tinabury,8376191
DAV10,Davidfort,6432572
SHE5,Sherryfort,5268639
WES122,West Kathrynview,2571193
ACO,Acostaview,5857554
LAK135,Lake Laurieberg,9748265
WES123,West Sarastad,44271
JUL2,Julianville,4114845
MER,Merrittland,442933
NEW119,New Shannonstad,4818036
EAS116,East Seanview,5154158
NOR137,North Michael,6197867
NOR138,North Luke,6863119
WES124,West Mistyshire,5719711
ROW,Rowebury,4269093
JUA,Juanbury,5482771
WES125,West Jamesland,1433252
GRA2,Grantbury,1975404
CAR6,Carolynside,4974853
MOR5,Morrismouth,6182446
LAR2,Larrybury,5533907
EAS117,East Jacob,9440278
NEW120,New David,6622125
CAN2,Candaceton,7479648
NEW121,New Andrewside,2045774
NEW122,New Paulfurt,912547
CHA6,Chadbury,5964630
ORT1,Ortegaview,6274940
LAK136,Lake Christon,4378641
DYE1,Dyerside,2779220
EAS118,East Andrea,7106235
SOU112,South Seth,3566987
WES126,West Brentside,6306721
POR108,Port Michaelhaven,6774904
CLA5,Clarktown,82014
JOH18,Johnsonstad,7441922
JOH19,Johnsonfort,9490411
DAR,Darrenland,8397003
BLA3,Blacktown,3185920
CLA6,Clarkeshire,1516536
JAS5,Jasontown,8885672
LAK137,Lake Alyssa,6424341
WIL18,Wilsonburgh,1207565
WES127,West Madison,7120896
KRI2,Kristinview,7782152
LAK138,Lake Danielshire,7334868
KIM4,Kimberlyland,8536245
LAK139,Lake Hailey,1281902
DAV11,Davidsonfurt,9237732
NOR139,North Laurenview,8854282
HUG3,Hughesstad,7432833
NOR140,North Briantown,5884632
JOH20,Johnsville,6533168
JOS10,Josephtown,9891800
EAS119,East Juanchester,5279255
OSC,Oscarville,6581507
WIL19,Williamsside,6258695
STA1,Staceytown,3159163
CIN,Cindyhaven,51401
DAV12,Davidton,4878945
PET2,Petershire,9076826
NOR141,North Sierra,2135685
WES128,West Paula,4494663
SAU,Saundersbury,2930307
BUR2,Burtonberg,1656554
WES129,West Brandy,1204687
MCD4,Mcdonaldfort,3798210
EAS120,East Sean,4673013
WES130,West Tamara,9956387
NAT5,Nathanshire,4431711
NEW123,New Alexfurt,9160894
SMI8,Smithport,8405159
DUK,Dukeland,7177168
POR109,Port Kimberly,8946059
POR110,Port James,8296093
KRY,Krystalton,3584769
CHR14,Christianton,9014398
MEG3,Meghanview,2971807
POR111,Port James,8960697
JUS1,Justinport,5620964
MCC3,Mccarthyview,5509084
POR112,Port Gwendolyn,108993
DEB3,Deborahfurt,5193748
WIL20,Williamport,1549956
AND10,Andrewshaven,6233830
NOR142,North Kimberly,3991517
ALE8,Alexandramouth,4269365
JOS11,Joshuafort,1370534
POR113,Port Melaniemouth,8276903
LAK140,Lake Josephfurt,2535297
ALE9,Alecland,5453537
DIA,Dianaburgh,9741275
POR114,Port Margaret,5581781
WES131,West Glenn,5505402
SOT1,Sotoburgh,3636449
CHA7,Chaseburgh,4770563
SOU113,South Krista,4633448
EAS121,East Melissa,8406708
STE5,Stevenbury,9917141
PAU1,Paulhaven,7867657
EAS122,East Brandon,9078347
POR115,Port Bonnietown,3135743
BRE1,Brendamouth,9338540
EAS123,East Aaron,2221264
WHE1,Wheelerfort,6455540
JAM6,Jamesbury,6862764
SCO4,Scottbury,7310597
LAK141,Lake Tracy,9957192
MIC17,Michaelview,9003462
RAC4,Rachelstad,3594938
MCL,Mcleanshire,4060320
NOR143,North Christineton,4468887
GIL1,Gilbertland,8353197
ROM,Romanhaven,2710662
WES132,West Randy,7251842
DEN2,Dennisburgh,3234407
NEW124,New Cassandrastad,2993645
EAS124,East Aprilmouth,5590974
AMY2,Amyside,2949742
EAS125,East Russell,8487442
SOU114,South Elizabethchester,745521
LAK142,Lake Roger,1381324
LAK143,Lake Thomas,8960357
SET,Sethmouth,63018
ANN5,Annatown,3725924
MAT3,Matthewland,1747645
POR116,Port Staceyton,2798904
RON2,Ronnieville,4280945
SAL1,Salazarview,5015705
WES133,West David,78754
NOR144,North Erikastad,7781961
SIM1,Simsview,1321337
GRA3,Grahamtown,3772287
JOS12,Joshuaville,9804307
NOR145,North Patrick,1872171
JAC6,Jacobshaven,7489505
NOR146,North Christopherton,7306648
WES134,West Davidfort,8884540
LAK144,Lake Amberborough,7833110
NEW125,New Jasonview,3859882
LAK145,Lake Ashley,9347556
NEW126,New Diane,5892942
HUL,Hullhaven,1282276
FOX,Foxshire,7630597
ASH6,Ashleyport,9134298
POR117,Port Richard,1607270
NOR147,North Robin,925161
EAS126,East Briannaton,5302290
RUS2,Russellmouth,9903860
HUF,Huffburgh,4667711
NOR148,North Saramouth,4727357
CAR7,Cardenasburgh,910336
WES135,West Roberto,629169
BLA4,Blakemouth,3418129
POR118,Port David,1711197
EAS127,East Josephshire,1756805
NOR149,North Carlosstad,333066
NEW127,New Michele,7226207
NOR150,North Ashlee,4085327
TOW,Townsendmouth,7062618
SOU115,South Wandafurt,2774712
POR119,Port Cassandra,5144780
CLA7,Clarenceburgh,9533098
ZAC2,Zacharybury,1734655
JEN13,Jennifermouth,4010973
JOS13,Josephtown,2499427
EAS128,East Davidville,7750996
CHR15,Chrisburgh,6220307
LAK146,Lake Joyce,5317255
RHO1,Rhondatown,2905909
RYA3,Ryanmouth,6203618
POR120,Port Reginaldland,9217916
AND11,Andersonshire,9820392
LAK147,Lake Janice,661266
SMI9,Smithmouth,7395092
FRE,Freemanville,914379
JOH21,Johnmouth,9998440
SHE6,Shellyton,3750331
EAS129,East Patrick,4072036
WES136,West Phillipmouth,5224416
MAR17,Markburgh,3777020
WES137,West Alan,5163838
NEW128,New Aprilhaven,5288111
WES138,West Michael,7370513
LAK148,Lake Josephmouth,3779206
WES139,West Tanyachester,8990147
WES140,West Brandon,9055832
NOR151,North Curtis,4548730
EAS130,East Harry,3762467
NEL1,Nelsonside,6750308
AAR2,Aaronmouth,1956288
CAM1,Cameronborough,3204962
LAK149,Lake Danielview,9780013
NOR152,North Mckenzie,1808898
NIC9,Nicholasville,4628925
SCO5,Scottview,7907399
WES141,West Nathanport,2541871
EAS131,East Erinhaven,9225951
CHR16,Christiantown,2185154
WES142,West Andrewhaven,4213837
EAS132,East Samuelmouth,5344593
MEL6,Melissamouth,1512033
NOR153,North Sheilafurt,2029419
SCO6,Scottview,6494158
GAR5,Garzaborough,9896236
MIC18,Michellehaven,5589749
WAR3,Warrenhaven,4432930
MUR3,Murilloport,6161095
VAZ,Vazquezville,4757461
WES143,West Vanessaville,9323276
ANT3,Anthonyfurt,4432231
WES144,West Davidhaven,6624122
NOR154,North Jeffreybury,3589755
NEW129,New Cynthiaton,759225
JAM7,Jameshaven,7161933
WIL21,Williechester,7725978
NOR155,North Joshuamouth,7710167
EAS133,East Lynnborough,7446693
SOU116,South Sabrinaside,3124359
NOR156,North Emilymouth,3180659
POR121,Port Patricia,1986904
NAT6,Nathanport,7981056
LAK150,Lake Jade,5571000
RIC9,Richardview,5682302
WES145,West Matthewshire,986023
NOR157,North Josephberg,5517392
DRA,Drakeborough,4527901
LAK151,Lake Michaelborough,9681826
JEN14,Jenningsfurt,778879
HOW1,Howardhaven,5370433
NOR158,North Kyle,3725519
IVA,Ivanborough,7787395
EAS134,East Daniel,362726
EAS135,East Anthonybury,6290023
MIC19,Michelleland,7151771
STE6,Stephanieview,7379957
MAT4,Matthewtown,3915153
WES146,West Olivia,6683429
TRA4,Travisshire,2771892
ROY,Roystad,2096425
SOU117,South Carolyn,3818363
WES147,West Cindyborough,5664681
JAC7,Jacobborough,9137350
WES148,West Jeffreymouth,7930920
BRI9,Brittneyshire,7132141
LIS3,Lishire,1702794
BET,Bettytown,1565646
LAK152,Lake Sarahton,6895983
SOU118,South Jamesville,5976303
WES149,West Danielside,6494513
SAR7,Sarahton,8997885
OSB,Osbornefurt,6437171
SOU119,South Jamesberg,9581721
WEL,Wellstown,5081938
EAS136,East Ronald,616171
NOR159,North Patricia,6532457
NEW130,New Kaylaland,1676546
MAR18,Marilynport,9705851
LAK153,Lake Andrew,8344315
HOD,Hodgemouth,4741998
CAL1,Callahantown,5297331
WES150,West Ryan,6127390
EDW7,Edwardsbury,4618881
WES151,West Douglasberg,9435772
KEM,Kempchester,1122004
JOR1,Jordanshire,7568837
EAS137,East Shawn,1935195
JEN15,Jennatown,9053499
CAL2,Calebmouth,9928543
JOE,Joemouth,9035150
EAS138,East Jenniferfurt,4585722
EAS139,East Markmouth,3754395
NOR160,North Richard,3382121
NEW131,New Anaberg,9432065
SAR8,Sarahfort,6247649
CRA1,Craigside,3356649
LAK154,Lake Emma,1622357
EAS140,East Carlos,3560731
POR122,Port Kevinfurt,2558036
VAL2,Valerieberg,5436964
LAK155,Lake Tyler,5300275
EAS141,East Andrea,3791397
JAS6,Jasonfurt,7059906
NEW132,New Ginafurt,9761027
SHE7,Shepherdton,1213981
ROG2,Rogersview,8886530
EAS142,East Markton,5588906
JOS14,Josephmouth,4908377
AND12,Andersonbury,5227989
EDW8,Edwardsport,3574329
POR123,Port Courtneyside,8399678
NEW133,New Michaelchester,1937979
CAS6,Cassandraview,4149598
NEW134,New Alexandra,955268
